{
    "$schema": "https://schema.management.azure.com/schemas/2015-01-01/deploymentParameters.json#",
    "contentVersion": "1.0.0.0",
    "parameters": {
        "location": {
            "value": "northeurope"
        },
        "virtualMachineName": {
            "value": "VPADFSPROXY01"
        },
        "virtualMachineSize": {
            "value": "Standard_D1_v2"
        },
        "adminUsername": {
            "value": "azureadmin"
        },
        "virtualNetworkName": {
            "value": "vndvtitprodnearm"
        },
        "networkInterfaceName": {
            "value": "vpadfsproxy01416"
        },
        "adminPassword": {
            "value": null
        },
        "availabilitySetName": {
            "value": "ASPADFSPROXY"
        },
        "availabilitySetPlatformFaultDomainCount": {
            "value": "2"
        },
        "availabilitySetPlatformUpdateDomainCount": {
            "value": "1"
        },
        "storageAccountName": {
            "value": "sanedvtitprodvhdos01arm"
        },
        "diagnosticsStorageAccountName": {
            "value": "sanedvtitprodarm"
        },
        "diagnosticsStorageAccountId": {
            "value": "/subscriptions/be63727e-2700-4f91-b779-14aefaf92913/resourceGroups/rgnedvtitprodarm/providers/Microsoft.Storage/storageAccounts/sanedvtitprodarm"
        },
        "subnetName": {
            "value": "sndvtitprodnefront01"
        },
        "publicIpAddressName": {
            "value": "VPADFSPROXY01-Primary"
        },
        "publicIpAddressType": {
            "value": "Dynamic"
        }
    }
}